-- Bastion Bandori team demo snapshot.

BEGIN;

INSERT INTO players (name, number, bat_hands, throw_hands, positions) VALUES
  ('高松燈', 1, 1, 2, 32),
  ('千早愛音', 2, 2, 2, 64),
  ('要楽奈', 3, 1, 2, 16),
  ('長崎そよ', 4, 2, 2, 8),
  ('椎名立希', 5, 2, 2, 1),
  ('豊川祥子', 6, 1, 2, 2),
  ('若葉睦', 7, 1, 1, 4),
  ('三角初華', 8, 2, 2, 64),
  ('八幡海鈴', 9, 2, 2, 1),
  ('祐天寺にゃむ', 10, 2, 2, 64),
  ('仲町あられ', 11, 1, 2, 8),
  ('宮永ののか', 12, 2, 2, 64),
  ('峰月律', 13, 2, 2, 16),
  ('藤都子', 14, 1, 1, 32),
  ('千石ユノ', 15, 2, 2, 2),
  ('汐見蛍', 16, 1, 2, 4),
  ('伊沢なつめ', 17, 2, 2, 64),
  ('琴平凪', 18, 1, 1, 1),
  ('浜崎まほろ', 19, 2, 2, 8),
  ('和泉朋花', 20, 2, 2, 2);

WITH report_players(seq, name, focus, risk, recovery) AS (
  VALUES
    (1, '高松燈', '游击启动、短打推进和长传节奏', '肩膀连续长传后容易疲劳', '投后冰敷和肩胛稳定训练保持执行'),
    (2, '千早愛音', '中外野第一步、盗垒起跑和上垒后判断', '偶尔过早离垒', '冲刺后心率恢复比上周快'),
    (3, '要楽奈', '三垒反应、强袭球处理和内角打击', '反手接球后传球线路偏高', '腰背紧绷感已下降'),
    (4, '長崎そよ', '二垒转传、双杀脚步和稳定击球', '连续守备轮转后下肢疲劳明显', '恢复跑量需要继续控制'),
    (5, '椎名立希', '低角度直球、滑球落点和投球节奏', '第 35 球后球速下降', '肩肘状态正常但需限制高强度局数'),
    (6, '豊川祥子', '捕手接捕、配球沟通和二垒牵制传球', '传二垒出手点偶尔偏高', '蹲捕后髋部伸展要补足'),
    (7, '若葉睦', '一垒接低球、反方向打击和牵制脚步', '挥棒时肩膀容易过早打开', '手腕负荷可控'),
    (8, '三角初華', '角落外野路线、长传中继和变化球应对', '深远飞球回追第一步偏保守', '跑动量增加后恢复良好'),
    (9, '八幡海鈴', '投手控球、滑球稳定和面对左打外角', '外角球控制仍有波动', '投后恢复流程完成度高'),
    (10, '祐天寺にゃむ', '右外野路线、强肩长传和两好球打击', '判断低平飞球时启动慢半拍', '膝部无异常反应'),
    (11, '仲町あられ', '二垒横移、触击处理和选球耐心', '急停转身时重心偏高', '核心稳定训练效果开始体现'),
    (12, '宮永ののか', '左外野落点判断、跑垒路线和短打执行', '回传球偶尔绕大弧线', '缺勤后体能已经恢复到正常训练量'),
    (13, '峰月律', '三垒强袭球、低轨迹传球和长打发力', '传一垒出现偏高风险', '手臂疲劳需要隔日观察'),
    (14, '藤都子', '游击守备范围、一棒上垒和盗垒判断', '大范围横移后传球稳定性下降', '恢复性慢跑完成良好'),
    (15, '千石ユノ', '捕手挡球、配球记忆和下位棒次推进', '低球挡球后起身略慢', '膝盖保护动作更稳定'),
    (16, '汐見蛍', '一垒守备、选球耐心和长打发力', '长打启动仍不充分', '手掌磨损已恢复'),
    (17, '伊沢なつめ', '外野长传、强攻打击和两好球策略', '三振偏多', '高强度挥棒后前臂需要放松'),
    (18, '琴平凪', '恢复期投球、变速球节奏和短局数登板', '暂时不建议超过两局', '伤后恢复顺利但仍需投球量上限'),
    (19, '浜崎まほろ', '二垒接传、内野沟通和反方向击球', '双杀转传时脚步偶尔抢拍', '下肢疲劳已降低'),
    (20, '和泉朋花', '捕手引导、挡球补位和打带跑执行', '接捕低角度变化球时手套下沉偏晚', '蹲捕后伸展执行稳定')
),
report_sessions(seq, date, content, reflection) AS (
  VALUES
    (1, '2026-06-15', '动态热身、肩髋活动度、短距离加速和基础传接球。', '热身进入状态更快，但高强度前仍需要完整伸展。'),
    (2, '2026-06-16', '打击 tee、软抛、外角球确认和两好球保护挥棒。', '击球质量上升，追打坏球次数减少。'),
    (3, '2026-06-17', '位置专项守备、第一步反应、接球后转移和传球准度。', '守备脚步更主动，连续处理后细节会变形。'),
    (4, '2026-06-18', '跑垒起跑、弧线过垒、盗垒判断和滑垒保护。', '冲刺速度稳定，判断投手动作仍需更多样本。'),
    (5, '2026-06-19', '投捕控球、配球沟通、接捕框架和牵制节奏。', '投捕沟通更清楚，局部控球波动需要记录。'),
    (6, '2026-06-20', '力量训练、核心抗旋转、下肢爆发和肩袖稳定。', '力量输出更连贯，疲劳后动作补偿需要控制。'),
    (7, '2026-06-21', '情境打击、触击推进、牺牲飞球和得点圈策略。', '战术执行更明确，临场读秒时还会犹豫。'),
    (8, '2026-06-22', '团队守备、补位呼喊、中继站位和防守轮转。', '沟通声音更早，跨区补位默契还需重复。'),
    (9, '2026-06-23', '恢复训练、轻量传球、慢跑、拉伸和缺勤回归评估。', '疲劳下降明显，恢复日不应追加高强度加练。'),
    (10, '2026-06-24', '三局模拟赛、赛前准备、局间复盘和赛后冷身。', '比赛节奏适应提升，关键局需要更快完成决策。')
)
INSERT INTO training_reports (id, name, date, content, reflection)
SELECT
  (report_players.seq - 1) * 10 + report_sessions.seq,
  report_players.name,
  report_sessions.date,
  report_sessions.content || ' 个人重点：' || report_players.focus || '。',
  report_sessions.reflection || ' 队员观察：' || report_players.risk || '；' || report_players.recovery || '。'
FROM report_players
CROSS JOIN report_sessions;

INSERT INTO games (id, date, start_time, opponent, batting_side, own_score, opponent_score, is_final, raw, created_at) VALUES
  (1, '2026-06-30', '19:00', '星咏队', 0, 5, 3, 1, '邦多利队打线前段连续上垒，后段守住领先。', '2026-06-30T12:30:00Z'),
  (2, '2026-07-03', '18:30', '海港队', 1, 2, 3, 1, '投手战惜败，七局下追分未果。', '2026-07-03T12:00:00Z'),
  (3, '2026-07-08', '20:00', '风暴队', 0, 4, 7, 1, '三垒和外野守备连续失误，被对手拉开比分。', '2026-07-08T13:20:00Z'),
  (4, '2026-07-12', '17:30', '月影队', 1, 1, 0, 1, '低比分投手战，守备没有失误。', '2026-07-12T10:30:00Z');

INSERT INTO game_lineups (game_id, team, player, batting_order, starting_position) VALUES
  (1, 0, '高松燈', 1, 6), (1, 0, '千早愛音', 2, 8), (1, 0, '若葉睦', 3, 3),
  (1, 0, '汐見蛍', 4, 4), (1, 0, '要楽奈', 5, 5), (1, 0, '豊川祥子', 6, 2),
  (1, 0, '伊沢なつめ', 7, 7), (1, 0, '祐天寺にゃむ', 8, 9), (1, 0, '椎名立希', 9, 1),
  (2, 0, '藤都子', 1, 6), (2, 0, '三角初華', 2, 8), (2, 0, '汐見蛍', 3, 3),
  (2, 0, '浜崎まほろ', 4, 4), (2, 0, '峰月律', 5, 5), (2, 0, '千石ユノ', 6, 2),
  (2, 0, '宮永ののか', 7, 7), (2, 0, '千早愛音', 8, 9), (2, 0, '八幡海鈴', 9, 1),
  (3, 0, '高松燈', 1, 6), (3, 0, '伊沢なつめ', 2, 8), (3, 0, '若葉睦', 3, 3),
  (3, 0, '浜崎まほろ', 4, 4), (3, 0, '峰月律', 5, 5), (3, 0, '豊川祥子', 6, 2),
  (3, 0, '三角初華', 7, 7), (3, 0, '祐天寺にゃむ', 8, 9), (3, 0, '琴平凪', 9, 1),
  (4, 0, '藤都子', 1, 6), (4, 0, '千早愛音', 2, 8), (4, 0, '汐見蛍', 3, 3),
  (4, 0, '長崎そよ', 4, 4), (4, 0, '要楽奈', 5, 5), (4, 0, '和泉朋花', 6, 2),
  (4, 0, '宮永ののか', 7, 7), (4, 0, '伊沢なつめ', 8, 9), (4, 0, '八幡海鈴', 9, 1);

INSERT INTO game_events (game_id, inning, half, play_no, sequence, event_kind, player, team, result, related_player, pitch_sequence, base_from, base_to, reason, outs_on_play, runs_scored, rbi_player, earned, value, description) VALUES
  (1, 1, 0, 1, 1, 0, '高松燈', 0, 0, '星野遥', 'B,X', NULL, NULL, NULL, 0, 0, '', NULL, 1, '一局上高松燈一垒安打'),
  (1, 1, 0, 2, 1, 0, '千早愛音', 0, 1, '星野遥', 'S,X', NULL, NULL, NULL, 0, 0, '', NULL, 2, '千早愛音二垒安打'),
  (1, 1, 0, 2, 2, 1, '高松燈', 0, 1, '', '', 1, 4, 0, 0, 1, '千早愛音', NULL, 0, '高松燈从一垒回本垒'),
  (1, 1, 0, 3, 1, 0, '若葉睦', 0, 3, '星野遥', 'B,S,X', NULL, NULL, NULL, 0, 0, '', NULL, 4, '若葉睦击出两分本垒打'),
  (1, 1, 0, 3, 2, 1, '千早愛音', 0, 1, '', '', 2, 4, 0, 0, 1, '若葉睦', NULL, 0, '千早愛音回本垒'),
  (1, 1, 0, 3, 3, 1, '若葉睦', 0, 1, '', '', 1, 4, 0, 0, 1, '若葉睦', NULL, 0, '若葉睦本垒打得分'),
  (1, 1, 0, 4, 1, 0, '汐見蛍', 0, 7, '星野遥', 'S,X', NULL, NULL, NULL, 1, 0, '', NULL, 0, '汐見蛍游击滚地出局'),
  (1, 1, 0, 5, 1, 0, '要楽奈', 0, 8, '星野遥', 'X', NULL, NULL, NULL, 1, 0, '', NULL, 0, '要楽奈左外野飞球出局'),
  (1, 1, 0, 6, 1, 0, '豊川祥子', 0, 6, '星野遥', 'S,S,S', NULL, NULL, NULL, 1, 0, '', NULL, 0, '豊川祥子三振'),
  (1, 1, 1, 1, 1, 0, '星野遥', 1, 1, '椎名立希', 'B,X', NULL, NULL, NULL, 0, 0, '', NULL, 2, '一局下星野遥二垒安打'),
  (1, 1, 1, 2, 1, 0, '星川澪', 1, 0, '椎名立希', 'X', NULL, NULL, NULL, 0, 0, '', NULL, 1, '星川澪一垒安打'),
  (1, 1, 1, 2, 2, 1, '星野遥', 1, 1, '椎名立希', '', 2, 4, 0, 0, 1, '星川澪', 1, 0, '星野遥回本垒'),
  (1, 1, 1, 3, 1, 0, '星原葵', 1, 6, '椎名立希', 'S,S,S', NULL, NULL, NULL, 1, 0, '', NULL, 0, '椎名立希三振星原葵'),
  (1, 1, 1, 4, 1, 0, '星宮奏', 1, 7, '椎名立希', 'B,X', NULL, NULL, NULL, 1, 0, '', NULL, 0, '星宮奏二垒滚地出局'),
  (1, 1, 1, 5, 1, 0, '星崎蓮', 1, 8, '椎名立希', 'X', NULL, NULL, NULL, 1, 0, '', NULL, 0, '星崎蓮中外野飞球出局'),
  (1, 2, 0, 1, 1, 0, '伊沢なつめ', 0, 3, '星川澪', 'B,X', NULL, NULL, NULL, 0, 0, '', NULL, 4, '二局上伊沢なつめ阳春本垒打'),
  (1, 2, 0, 1, 2, 1, '伊沢なつめ', 0, 1, '', '', 1, 4, 0, 0, 1, '伊沢なつめ', NULL, 0, '伊沢なつめ本垒打得分'),
  (1, 2, 0, 2, 1, 0, '祐天寺にゃむ', 0, 4, '星川澪', 'B,B,B,B', NULL, NULL, NULL, 0, 0, '', NULL, 0, '祐天寺にゃむ四坏球上垒'),
  (1, 2, 0, 3, 1, 0, '椎名立希', 0, 11, '星川澪', 'X', NULL, NULL, NULL, 1, 0, '', NULL, 0, '椎名立希牺牲触击推进'),
  (1, 2, 0, 3, 2, 1, '祐天寺にゃむ', 0, 0, '', '', 1, 2, 0, 0, 0, '', NULL, 0, '祐天寺にゃむ推进到二垒'),
  (1, 2, 0, 4, 1, 0, '高松燈', 0, 0, '星川澪', 'B,X', NULL, NULL, NULL, 0, 0, '', NULL, 1, '高松燈中前安打'),
  (1, 2, 0, 4, 2, 1, '祐天寺にゃむ', 0, 1, '', '', 2, 4, 0, 0, 1, '高松燈', NULL, 0, '祐天寺にゃむ回本垒'),
  (1, 2, 0, 5, 1, 0, '千早愛音', 0, 8, '星川澪', 'X', NULL, NULL, NULL, 1, 0, '', NULL, 0, '千早愛音右外野飞球出局'),
  (1, 2, 0, 6, 1, 0, '若葉睦', 0, 7, '星川澪', 'S,X', NULL, NULL, NULL, 1, 0, '', NULL, 0, '若葉睦一垒滚地出局'),
  (1, 2, 1, 1, 1, 0, '星見悠', 1, 7, '椎名立希', 'S,X', NULL, NULL, NULL, 1, 0, '', NULL, 0, '二局下星見悠滚地出局'),
  (1, 2, 1, 2, 1, 0, '星坂怜', 1, 6, '椎名立希', 'S,S,S', NULL, NULL, NULL, 1, 0, '', NULL, 0, '星坂怜三振'),
  (1, 2, 1, 3, 1, 0, '星浦凛', 1, 8, '椎名立希', 'X', NULL, NULL, NULL, 1, 0, '', NULL, 0, '星浦凛左外野飞球出局'),
  (1, 3, 0, 1, 1, 0, '汐見蛍', 0, 8, '星原葵', 'X', NULL, NULL, NULL, 1, 0, '', NULL, 0, '三局上汐見蛍飞球出局'),
  (1, 3, 0, 2, 1, 0, '要楽奈', 0, 6, '星原葵', 'S,S,S', NULL, NULL, NULL, 1, 0, '', NULL, 0, '要楽奈三振'),
  (1, 3, 0, 3, 1, 0, '豊川祥子', 0, 7, '星原葵', 'B,X', NULL, NULL, NULL, 1, 0, '', NULL, 0, '豊川祥子滚地出局'),
  (1, 3, 1, 1, 1, 0, '星森司', 1, 3, '椎名立希', 'B,X', NULL, NULL, NULL, 0, 0, '', NULL, 4, '三局下星森司阳春本垒打'),
  (1, 3, 1, 1, 2, 1, '星森司', 1, 1, '椎名立希', '', 1, 4, 0, 0, 1, '星森司', 1, 0, '星森司本垒打得分'),
  (1, 3, 1, 2, 1, 0, '星野遥', 1, 0, '椎名立希', 'X', NULL, NULL, NULL, 0, 0, '', NULL, 1, '星野遥一垒安打'),
  (1, 3, 1, 3, 1, 0, '星川澪', 1, 1, '椎名立希', 'B,X', NULL, NULL, NULL, 0, 0, '', NULL, 2, '星川澪二垒安打'),
  (1, 3, 1, 3, 2, 1, '星野遥', 1, 1, '椎名立希', '', 1, 4, 0, 0, 1, '星川澪', 1, 0, '星野遥回本垒'),
  (1, 3, 1, 4, 1, 0, '星原葵', 1, 6, '椎名立希', 'S,S,S', NULL, NULL, NULL, 1, 0, '', NULL, 0, '星原葵三振'),
  (1, 3, 1, 5, 1, 0, '星宮奏', 1, 8, '椎名立希', 'X', NULL, NULL, NULL, 1, 0, '', NULL, 0, '星宮奏飞球出局'),
  (1, 3, 1, 6, 1, 0, '星崎蓮', 1, 7, '椎名立希', 'B,X', NULL, NULL, NULL, 1, 0, '', NULL, 0, '星崎蓮滚地出局'),

  (2, 1, 0, 1, 1, 0, '海野航', 1, 1, '八幡海鈴', 'B,X', NULL, NULL, NULL, 0, 0, '', NULL, 2, '一局上海野航二垒安打'),
  (2, 1, 0, 2, 1, 0, '海川湊', 1, 0, '八幡海鈴', 'X', NULL, NULL, NULL, 0, 0, '', NULL, 1, '海川湊一垒安打'),
  (2, 1, 0, 2, 2, 1, '海野航', 1, 1, '八幡海鈴', '', 2, 4, 0, 0, 1, '海川湊', 1, 0, '海野航回本垒'),
  (2, 1, 0, 3, 1, 0, '海堂律', 1, 6, '八幡海鈴', 'S,S,S', NULL, NULL, NULL, 1, 0, '', NULL, 0, '海堂律三振'),
  (2, 1, 0, 4, 1, 0, '海崎真', 1, 7, '八幡海鈴', 'S,X', NULL, NULL, NULL, 1, 0, '', NULL, 0, '海崎真滚地出局'),
  (2, 1, 0, 5, 1, 0, '海原圭', 1, 8, '八幡海鈴', 'X', NULL, NULL, NULL, 1, 0, '', NULL, 0, '海原圭飞球出局'),
  (2, 1, 1, 1, 1, 0, '藤都子', 0, 0, '海野航', 'X', NULL, NULL, NULL, 0, 0, '', NULL, 1, '一局下藤都子一垒安打'),
  (2, 1, 1, 2, 1, 1, '藤都子', 0, 0, '', '', 1, 2, 1, 0, 0, '', NULL, 0, '藤都子盗上二垒'),
  (2, 1, 1, 3, 1, 0, '三角初華', 0, 7, '海野航', 'S,X', NULL, NULL, NULL, 1, 0, '', NULL, 0, '三角初華滚地出局'),
  (2, 1, 1, 4, 1, 0, '汐見蛍', 0, 0, '海野航', 'B,X', NULL, NULL, NULL, 0, 0, '', NULL, 1, '汐見蛍追平安打'),
  (2, 1, 1, 4, 2, 1, '藤都子', 0, 1, '', '', 2, 4, 0, 0, 1, '汐見蛍', NULL, 0, '藤都子回本垒'),
  (2, 1, 1, 5, 1, 0, '浜崎まほろ', 0, 8, '海野航', 'X', NULL, NULL, NULL, 1, 0, '', NULL, 0, '浜崎まほろ飞球出局'),
  (2, 1, 1, 6, 1, 0, '峰月律', 0, 6, '海野航', 'S,S,S', NULL, NULL, NULL, 1, 0, '', NULL, 0, '峰月律三振'),
  (2, 2, 0, 1, 1, 0, '海月晴', 1, 3, '八幡海鈴', 'B,X', NULL, NULL, NULL, 0, 0, '', NULL, 4, '二局上海月晴阳春本垒打'),
  (2, 2, 0, 1, 2, 1, '海月晴', 1, 1, '八幡海鈴', '', 1, 4, 0, 0, 1, '海月晴', 1, 0, '海月晴本垒打得分'),
  (2, 2, 0, 2, 1, 0, '海老名悠', 1, 7, '八幡海鈴', 'X', NULL, NULL, NULL, 1, 0, '', NULL, 0, '海老名悠滚地出局'),
  (2, 2, 0, 3, 1, 0, '海藤匠', 1, 8, '八幡海鈴', 'X', NULL, NULL, NULL, 1, 0, '', NULL, 0, '海藤匠飞球出局'),
  (2, 2, 0, 4, 1, 0, '海瀬涼', 1, 6, '八幡海鈴', 'S,S,S', NULL, NULL, NULL, 1, 0, '', NULL, 0, '海瀬涼三振'),
  (2, 2, 1, 1, 1, 0, '千石ユノ', 0, 8, '海川湊', 'X', NULL, NULL, NULL, 1, 0, '', NULL, 0, '二局下千石ユノ飞球出局'),
  (2, 2, 1, 2, 1, 0, '宮永ののか', 0, 0, '海川湊', 'B,X', NULL, NULL, NULL, 0, 0, '', NULL, 1, '宮永ののか一垒安打'),
  (2, 2, 1, 3, 1, 0, '千早愛音', 0, 6, '海川湊', 'S,S,S', NULL, NULL, NULL, 1, 0, '', NULL, 0, '千早愛音三振'),
  (2, 2, 1, 4, 1, 0, '八幡海鈴', 0, 7, '海川湊', 'S,X', NULL, NULL, NULL, 1, 0, '', NULL, 0, '八幡海鈴滚地出局'),
  (2, 3, 0, 1, 1, 0, '海野航', 1, 0, '八幡海鈴', 'B,X', NULL, NULL, NULL, 0, 0, '', NULL, 1, '三局上海野航安打'),
  (2, 3, 0, 2, 1, 0, '海川湊', 1, 1, '八幡海鈴', 'X', NULL, NULL, NULL, 0, 0, '', NULL, 2, '海川湊二垒安打'),
  (2, 3, 0, 2, 2, 1, '海野航', 1, 1, '八幡海鈴', '', 1, 4, 0, 0, 1, '海川湊', 1, 0, '海野航回本垒'),
  (2, 3, 0, 3, 1, 0, '海堂律', 1, 6, '八幡海鈴', 'S,S,S', NULL, NULL, NULL, 1, 0, '', NULL, 0, '海堂律三振'),
  (2, 3, 0, 4, 1, 0, '海崎真', 1, 8, '八幡海鈴', 'X', NULL, NULL, NULL, 1, 0, '', NULL, 0, '海崎真飞球出局'),
  (2, 3, 0, 5, 1, 0, '海原圭', 1, 7, '八幡海鈴', 'B,X', NULL, NULL, NULL, 1, 0, '', NULL, 0, '海原圭滚地出局'),
  (2, 3, 1, 1, 1, 0, '藤都子', 0, 2, '海川湊', 'B,X', NULL, NULL, NULL, 0, 0, '', NULL, 3, '三局下藤都子三垒安打'),
  (2, 3, 1, 2, 1, 0, '三角初華', 0, 8, '海川湊', 'X', NULL, NULL, NULL, 1, 0, '', NULL, 0, '三角初華牺牲飞球'),
  (2, 3, 1, 2, 2, 1, '藤都子', 0, 1, '', '', 3, 4, 0, 0, 1, '三角初華', NULL, 0, '藤都子回本垒'),
  (2, 3, 1, 3, 1, 0, '汐見蛍', 0, 8, '海川湊', 'X', NULL, NULL, NULL, 1, 0, '', NULL, 0, '汐見蛍飞球出局'),
  (2, 3, 1, 4, 1, 0, '浜崎まほろ', 0, 7, '海川湊', 'S,X', NULL, NULL, NULL, 1, 0, '', NULL, 0, '浜崎まほろ滚地出局'),

  (3, 1, 0, 1, 1, 0, '高松燈', 0, 1, '風間隼', 'S,X', NULL, NULL, NULL, 0, 0, '', NULL, 2, '一局上高松燈二垒安打'),
  (3, 1, 0, 2, 1, 0, '伊沢なつめ', 0, 8, '風間隼', 'X', NULL, NULL, NULL, 1, 0, '', NULL, 0, '伊沢なつめ右外野飞球推进'),
  (3, 1, 0, 2, 2, 1, '高松燈', 0, 0, '', '', 2, 3, 0, 0, 0, '', NULL, 0, '高松燈推进到三垒'),
  (3, 1, 0, 3, 1, 0, '若葉睦', 0, 7, '風間隼', 'S,X', NULL, NULL, NULL, 1, 0, '', NULL, 0, '若葉睦滚地球打回一分'),
  (3, 1, 0, 3, 2, 1, '高松燈', 0, 1, '', '', 3, 4, 0, 0, 1, '若葉睦', NULL, 0, '高松燈回本垒'),
  (3, 1, 0, 4, 1, 0, '浜崎まほろ', 0, 6, '風間隼', 'S,S,S', NULL, NULL, NULL, 1, 0, '', NULL, 0, '浜崎まほろ三振'),
  (3, 1, 1, 1, 1, 2, '峰月律', 0, 2, '', '', NULL, NULL, NULL, 0, 0, '', NULL, 0, '一局下峰月律三垒传球失误'),
  (3, 1, 1, 2, 1, 0, '風見拓', 1, 1, '琴平凪', 'B,X', NULL, NULL, NULL, 0, 0, '', NULL, 2, '風見拓二垒安打'),
  (3, 1, 1, 2, 2, 1, '風間隼', 1, 1, '琴平凪', '', 1, 4, 7, 0, 1, '風見拓', 0, 0, '失误上垒跑者回本垒'),
  (3, 1, 1, 3, 1, 0, '風早凛', 1, 8, '琴平凪', 'X', NULL, NULL, NULL, 1, 0, '', NULL, 0, '風早凛牺牲飞球'),
  (3, 1, 1, 3, 2, 1, '風見拓', 1, 1, '琴平凪', '', 2, 4, 0, 0, 1, '風早凛', 1, 0, '風見拓回本垒'),
  (3, 1, 1, 4, 1, 0, '風祭圭', 1, 6, '琴平凪', 'S,S,S', NULL, NULL, NULL, 1, 0, '', NULL, 0, '風祭圭三振'),
  (3, 1, 1, 5, 1, 0, '風峰陸', 1, 7, '琴平凪', 'S,X', NULL, NULL, NULL, 1, 0, '', NULL, 0, '風峰陸滚地出局'),
  (3, 2, 0, 1, 1, 0, '峰月律', 0, 0, '風見拓', 'B,X', NULL, NULL, NULL, 0, 0, '', NULL, 1, '二局上峰月律一垒安打'),
  (3, 2, 0, 2, 1, 0, '豊川祥子', 0, 1, '風見拓', 'X', NULL, NULL, NULL, 0, 0, '', NULL, 2, '豊川祥子二垒安打'),
  (3, 2, 0, 2, 2, 1, '峰月律', 0, 1, '', '', 1, 4, 0, 0, 1, '豊川祥子', NULL, 0, '峰月律回本垒'),
  (3, 2, 0, 3, 1, 0, '三角初華', 0, 7, '風見拓', 'S,X', NULL, NULL, NULL, 1, 0, '', NULL, 0, '三角初華滚地出局'),
  (3, 2, 0, 3, 2, 1, '豊川祥子', 0, 0, '', '', 2, 3, 0, 0, 0, '', NULL, 0, '豊川祥子推进到三垒'),
  (3, 2, 0, 4, 1, 0, '祐天寺にゃむ', 0, 8, '風見拓', 'X', NULL, NULL, NULL, 1, 0, '', NULL, 0, '祐天寺にゃむ牺牲飞球'),
  (3, 2, 0, 4, 2, 1, '豊川祥子', 0, 1, '', '', 3, 4, 0, 0, 1, '祐天寺にゃむ', NULL, 0, '豊川祥子回本垒'),
  (3, 2, 0, 5, 1, 0, '琴平凪', 0, 6, '風見拓', 'S,S,S', NULL, NULL, NULL, 1, 0, '', NULL, 0, '琴平凪三振'),
  (3, 2, 1, 1, 1, 2, '祐天寺にゃむ', 0, 2, '', '', NULL, NULL, NULL, 0, 0, '', NULL, 0, '二局下右外野漏接形成失误'),
  (3, 2, 1, 2, 1, 0, '風谷晴', 1, 0, '琴平凪', 'B,X', NULL, NULL, NULL, 0, 0, '', NULL, 1, '風谷晴安打'),
  (3, 2, 1, 2, 2, 1, '風峰陸', 1, 1, '琴平凪', '', 1, 4, 7, 0, 1, '風谷晴', 0, 0, '失误跑者回本垒'),
  (3, 2, 1, 3, 1, 0, '風真怜', 1, 3, '琴平凪', 'B,S,X', NULL, NULL, NULL, 0, 0, '', NULL, 4, '風真怜两分本垒打'),
  (3, 2, 1, 3, 2, 1, '風谷晴', 1, 1, '琴平凪', '', 1, 4, 0, 0, 1, '風真怜', 1, 0, '風谷晴回本垒'),
  (3, 2, 1, 3, 3, 1, '風真怜', 1, 1, '琴平凪', '', 1, 4, 0, 0, 1, '風真怜', 1, 0, '風真怜本垒打得分'),
  (3, 2, 1, 4, 1, 0, '風島岳', 1, 6, '琴平凪', 'S,S,S', NULL, NULL, NULL, 1, 0, '', NULL, 0, '風島岳三振'),
  (3, 2, 1, 5, 1, 0, '風上奏', 1, 8, '琴平凪', 'X', NULL, NULL, NULL, 1, 0, '', NULL, 0, '風上奏飞球出局'),
  (3, 2, 1, 6, 1, 0, '風間隼', 1, 7, '琴平凪', 'S,X', NULL, NULL, NULL, 1, 0, '', NULL, 0, '風間隼滚地出局'),
  (3, 3, 0, 1, 1, 0, '伊沢なつめ', 0, 3, '風早凛', 'B,X', NULL, NULL, NULL, 0, 0, '', NULL, 4, '三局上伊沢なつめ阳春本垒打'),
  (3, 3, 0, 1, 2, 1, '伊沢なつめ', 0, 1, '', '', 1, 4, 0, 0, 1, '伊沢なつめ', NULL, 0, '伊沢なつめ本垒打得分'),
  (3, 3, 0, 2, 1, 0, '若葉睦', 0, 8, '風早凛', 'X', NULL, NULL, NULL, 1, 0, '', NULL, 0, '若葉睦飞球出局'),
  (3, 3, 0, 3, 1, 0, '浜崎まほろ', 0, 7, '風早凛', 'S,X', NULL, NULL, NULL, 1, 0, '', NULL, 0, '浜崎まほろ滚地出局'),
  (3, 3, 0, 4, 1, 0, '峰月律', 0, 6, '風早凛', 'S,S,S', NULL, NULL, NULL, 1, 0, '', NULL, 0, '峰月律三振'),
  (3, 3, 1, 1, 1, 0, '風見拓', 1, 0, '琴平凪', 'X', NULL, NULL, NULL, 0, 0, '', NULL, 1, '三局下風見拓安打'),
  (3, 3, 1, 2, 1, 0, '風早凛', 1, 1, '琴平凪', 'B,X', NULL, NULL, NULL, 0, 0, '', NULL, 2, '風早凛二垒安打'),
  (3, 3, 1, 2, 2, 1, '風見拓', 1, 1, '琴平凪', '', 1, 4, 0, 0, 1, '風早凛', 1, 0, '風見拓回本垒'),
  (3, 3, 1, 3, 1, 0, '風祭圭', 1, 8, '琴平凪', 'X', NULL, NULL, NULL, 1, 0, '', NULL, 0, '風祭圭牺牲飞球'),
  (3, 3, 1, 3, 2, 1, '風早凛', 1, 1, '琴平凪', '', 2, 4, 0, 0, 1, '風祭圭', 1, 0, '風早凛回本垒'),
  (3, 3, 1, 4, 1, 0, '風峰陸', 1, 6, '琴平凪', 'S,S,S', NULL, NULL, NULL, 1, 0, '', NULL, 0, '風峰陸三振'),
  (3, 3, 1, 5, 1, 0, '風谷晴', 1, 7, '琴平凪', 'S,X', NULL, NULL, NULL, 1, 0, '', NULL, 0, '風谷晴滚地出局'),

  (4, 1, 0, 1, 1, 0, '月野悠', 1, 6, '八幡海鈴', 'S,S,S', NULL, NULL, NULL, 1, 0, '', NULL, 0, '一局上八幡海鈴三振月野悠'),
  (4, 1, 0, 2, 1, 0, '月川怜', 1, 7, '八幡海鈴', 'S,X', NULL, NULL, NULL, 1, 0, '', NULL, 0, '月川怜滚地出局'),
  (4, 1, 0, 3, 1, 0, '月原朔', 1, 8, '八幡海鈴', 'X', NULL, NULL, NULL, 1, 0, '', NULL, 0, '月原朔飞球出局'),
  (4, 1, 1, 1, 1, 0, '藤都子', 0, 2, '月野悠', 'X', NULL, NULL, NULL, 0, 0, '', NULL, 3, '一局下藤都子三垒安打'),
  (4, 1, 1, 2, 1, 0, '千早愛音', 0, 8, '月野悠', 'X', NULL, NULL, NULL, 1, 0, '', NULL, 0, '千早愛音牺牲飞球'),
  (4, 1, 1, 2, 2, 1, '藤都子', 0, 1, '', '', 3, 4, 0, 0, 1, '千早愛音', NULL, 0, '藤都子回本垒'),
  (4, 1, 1, 3, 1, 0, '汐見蛍', 0, 7, '月野悠', 'S,X', NULL, NULL, NULL, 1, 0, '', NULL, 0, '汐見蛍滚地出局'),
  (4, 1, 1, 4, 1, 0, '長崎そよ', 0, 6, '月野悠', 'S,S,S', NULL, NULL, NULL, 1, 0, '', NULL, 0, '長崎そよ三振'),
  (4, 2, 0, 1, 1, 0, '月城湊', 1, 0, '八幡海鈴', 'B,X', NULL, NULL, NULL, 0, 0, '', NULL, 1, '二局上月城湊安打'),
  (4, 2, 0, 2, 1, 0, '月森司', 1, 6, '八幡海鈴', 'S,S,S', NULL, NULL, NULL, 1, 0, '', NULL, 0, '月森司三振'),
  (4, 2, 0, 3, 1, 0, '月島律', 1, 10, '八幡海鈴', 'X', NULL, NULL, NULL, 1, 0, '', NULL, 0, '月島律野手选择出局'),
  (4, 2, 0, 3, 2, 1, '月城湊', 1, 2, '八幡海鈴', '', 1, NULL, 8, 0, 0, '', NULL, 0, '月城湊二垒封杀'),
  (4, 2, 0, 4, 1, 0, '月瀬凛', 1, 8, '八幡海鈴', 'X', NULL, NULL, NULL, 1, 0, '', NULL, 0, '月瀬凛飞球出局'),
  (4, 2, 1, 1, 1, 0, '要楽奈', 0, 0, '月川怜', 'B,X', NULL, NULL, NULL, 0, 0, '', NULL, 1, '二局下要楽奈一垒安打'),
  (4, 2, 1, 2, 1, 0, '和泉朋花', 0, 11, '月川怜', 'X', NULL, NULL, NULL, 1, 0, '', NULL, 0, '和泉朋花牺牲触击'),
  (4, 2, 1, 2, 2, 1, '要楽奈', 0, 0, '', '', 1, 2, 0, 0, 0, '', NULL, 0, '要楽奈推进到二垒'),
  (4, 2, 1, 3, 1, 0, '宮永ののか', 0, 8, '月川怜', 'X', NULL, NULL, NULL, 1, 0, '', NULL, 0, '宮永ののか飞球出局'),
  (4, 2, 1, 4, 1, 0, '伊沢なつめ', 0, 6, '月川怜', 'S,S,S', NULL, NULL, NULL, 1, 0, '', NULL, 0, '伊沢なつめ三振'),
  (4, 3, 0, 1, 1, 0, '月岡航', 1, 6, '八幡海鈴', 'S,S,S', NULL, NULL, NULL, 1, 0, '', NULL, 0, '三局上月岡航三振'),
  (4, 3, 0, 2, 1, 0, '月代圭', 1, 7, '八幡海鈴', 'S,X', NULL, NULL, NULL, 1, 0, '', NULL, 0, '月代圭滚地出局'),
  (4, 3, 0, 3, 1, 0, '月野悠', 1, 8, '八幡海鈴', 'X', NULL, NULL, NULL, 1, 0, '', NULL, 0, '月野悠中外野飞球出局'),
  (4, 3, 1, 1, 1, 0, '八幡海鈴', 0, 7, '月原朔', 'S,X', NULL, NULL, NULL, 1, 0, '', NULL, 0, '三局下八幡海鈴滚地出局'),
  (4, 3, 1, 2, 1, 0, '藤都子', 0, 8, '月原朔', 'X', NULL, NULL, NULL, 1, 0, '', NULL, 0, '藤都子飞球出局'),
  (4, 3, 1, 3, 1, 0, '千早愛音', 0, 6, '月原朔', 'S,S,S', NULL, NULL, NULL, 1, 0, '', NULL, 0, '千早愛音三振');

INSERT INTO game_analyses (id, game_id, result, own_runs, opponent_runs, players_analyzed, generated_at) VALUES
  (1, 1, 0, 5, 3, 9, '2026-06-30T13:00:00Z'),
  (2, 2, 1, 2, 3, 9, '2026-07-03T13:00:00Z'),
  (3, 3, 1, 4, 7, 9, '2026-07-08T14:00:00Z');

INSERT INTO game_player_performance_summaries (game_id, player, batting_order, positions, batting_available, baserunning_available, pitching_available, fielding_available, highlight, risk) VALUES
  (1, '高松燈', 1, 'SS', 1, 1, 0, 1, '开局安打并跑回关键分。', '肩膀疲劳后长传需控制。'),
  (1, '千早愛音', 2, 'CF', 1, 1, 0, 1, '二垒打带回第一分。', '盗垒判断仍需稳定。'),
  (1, '椎名立希', 9, 'P', 0, 0, 1, 0, '先发守住领先。', '后段被长打。'),
  (2, '藤都子', 1, 'SS', 1, 1, 0, 1, '上垒和盗垒制造机会。', '得点圈推进不足。'),
  (2, '八幡海鈴', 9, 'P', 0, 0, 1, 0, '投手战中控球稳定。', '连续被安打时需要暂停调整。'),
  (2, '汐見蛍', 3, '1B', 1, 0, 0, 1, '第六局追分安打。', '长打产出偏低。'),
  (3, '峰月律', 5, '3B', 1, 0, 0, 1, '三垒强袭球参与多。', '传一垒失误放大失分。'),
  (3, '伊沢なつめ', 2, 'CF', 1, 0, 0, 1, '本垒打提供长打火力。', '三振风险高。'),
  (3, '琴平凪', 9, 'P', 0, 0, 1, 0, '伤后完成短局数登板。', '不宜超过两局。');

INSERT INTO game_player_batting_stats (game_id, player, pa, at_bats, hits, singles, doubles, triples, homeruns, walks, hit_by_pitch, strikeouts, reached_on_error, runs_batted_in, total_bases, batting_average, on_base_percentage, slugging_percentage, ops) VALUES
  (1, '高松燈', 4, 4, 2, 2, 0, 0, 0, 0, 0, 0, 0, 0, 2, 0.500, 0.500, 0.500, 1.000),
  (1, '千早愛音', 4, 4, 2, 0, 2, 0, 0, 0, 0, 1, 0, 2, 4, 0.500, 0.500, 1.000, 1.500),
  (1, '若葉睦', 4, 4, 1, 0, 0, 0, 1, 0, 0, 1, 0, 1, 4, 0.250, 0.250, 1.000, 1.250),
  (2, '藤都子', 4, 3, 1, 1, 0, 0, 0, 1, 0, 0, 0, 0, 1, 0.333, 0.500, 0.333, 0.833),
  (2, '汐見蛍', 4, 4, 2, 2, 0, 0, 0, 0, 0, 0, 0, 1, 2, 0.500, 0.500, 0.500, 1.000),
  (3, '伊沢なつめ', 4, 4, 1, 0, 0, 0, 1, 0, 0, 2, 0, 1, 4, 0.250, 0.250, 1.000, 1.250),
  (3, '高松燈', 4, 4, 1, 0, 1, 0, 0, 0, 0, 1, 0, 0, 2, 0.250, 0.250, 0.500, 0.750);

INSERT INTO game_player_baserunning_stats (game_id, player, runs, stolen_bases, caught_stealing, stolen_base_attempts, stolen_base_percentage, extra_bases_taken, baserunning_outs) VALUES
  (1, '高松燈', 1, 0, 0, 0, 0, 1, 0),
  (1, '千早愛音', 1, 1, 0, 1, 1.000, 1, 0),
  (2, '藤都子', 1, 1, 0, 1, 1.000, 0, 0),
  (3, '高松燈', 1, 0, 0, 0, 0, 1, 0);

INSERT INTO game_player_pitching_stats (game_id, player, outs_recorded, innings_pitched, batters_faced, hits_allowed, walks_allowed, strikeouts, homeruns_allowed, runs_allowed, earned_runs, ra9, era, whip, strikeout_walk_ratio, wild_pitches, balks, pickoffs, hit_batters) VALUES
  (1, '椎名立希', 18, 6.0, 24, 5, 2, 6, 1, 3, 3, 4.50, 4.50, 1.167, 3.000, 0, 0, 0, 0),
  (2, '八幡海鈴', 21, 7.0, 27, 6, 1, 7, 0, 3, 2, 3.857, 2.571, 1.000, 7.000, 0, 0, 0, 0),
  (3, '琴平凪', 6, 2.0, 12, 4, 2, 2, 1, 4, 3, 18.000, 13.500, 3.000, 1.000, 0, 0, 0, 0);

INSERT INTO game_player_fielding_stats (game_id, player, positions, putouts, assists, errors, total_chances, fielding_percentage, double_plays, passed_balls, outfield_assists) VALUES
  (1, '高松燈', 'SS', 1, 3, 0, 4, 1.000, 1, 0, 0),
  (1, '千早愛音', 'CF', 2, 0, 0, 2, 1.000, 0, 0, 0),
  (2, '藤都子', 'SS', 2, 2, 0, 4, 1.000, 0, 0, 0),
  (3, '峰月律', '3B', 0, 2, 1, 3, 0.667, 0, 0, 0),
  (3, '祐天寺にゃむ', 'RF', 1, 0, 1, 2, 0.500, 0, 0, 0);

INSERT INTO game_analysis_data_gaps (game_id, scope, message) VALUES
  (1, 'pitch_sequence', '部分打席只有简化球序。'),
  (2, 'fielding', '外野守备机会记录不完整。'),
  (3, 'pitching', '中继投手细分责任未记录。');

INSERT INTO drill_recommendations (id, name, url, reason, type, summary, is_approved, reviewed_by, review_summary, review_note, reviewed_at, created_at) VALUES
  (1, '椎名立希', 'https://example.com/drills/bandori/pitching-low-fastball', '后段球速下降，需要稳定低角度。', 0, '低角度直球、踏步方向和投后平衡训练。', 1, '邦多利教练', '适合先发投手基础课。', '投手组周一采用。', '2026-07-01T10:00:00Z', '2026-06-30T15:00:00Z'),
  (2, '八幡海鈴', 'https://example.com/drills/bandori/pitching-slider-command', '面对左打时外角滑球控制波动。', 0, '滑球落点、手腕角度和左右打者配球训练。', 1, '邦多利教练', '控球主题明确。', '与捕手配球课合并。', '2026-07-02T10:00:00Z', '2026-07-01T15:00:00Z'),
  (3, '琴平凪', 'https://example.com/drills/bandori/pitching-recovery-bullpen', '伤后恢复需要控制局数。', 0, '恢复期短局数牛棚、球数上限和投后照护流程。', 0, NULL, NULL, NULL, NULL, '2026-07-02T15:00:00Z'),
  (4, '椎名立希', 'https://example.com/drills/bandori/pitching-pickoff-tempo', '跑者在垒时投球节奏容易固定。', 0, '牵制、变换间隔和 slide step 的综合训练。', 0, '邦多利教练', '先不列入正式训练。', '当前重点仍是控球，牵制课延后。', '2026-07-03T10:00:00Z', '2026-07-03T09:00:00Z'),
  (5, '豊川祥子', 'https://example.com/drills/bandori/catching-framing', '接捕低角度球时需要更稳定呈现。', 1, '捕手接捕框架、手套移动和低球保持训练。', 1, '邦多利教练', '适合捕手组共同练习。', '加入周二投捕课。', '2026-07-03T11:00:00Z', '2026-07-03T15:00:00Z'),
  (6, '千石ユノ', 'https://example.com/drills/bandori/catching-blocking', '低球挡球后起身略慢。', 1, '捕手挡球、起身补位和三垒侧反应训练。', 1, '邦多利教练', '基础收益高。', '捕手组轮训。', '2026-07-04T10:00:00Z', '2026-07-04T09:00:00Z'),
  (7, '和泉朋花', 'https://example.com/drills/bandori/catching-throw-second', '二垒盗垒时传球路线需要压低。', 1, '接球转移、脚步方向和二垒送球训练。', 0, NULL, NULL, NULL, NULL, '2026-07-04T15:00:00Z'),
  (8, '豊川祥子', 'https://example.com/drills/bandori/catching-game-calling', '投手战需要更细的配球计划。', 1, '赛前打者表、局间沟通和配球复盘训练。', 0, '邦多利教练', '材料准备不足。', '等比赛样本再做正式课。', '2026-07-05T10:00:00Z', '2026-07-05T09:00:00Z'),
  (9, '若葉睦', 'https://example.com/drills/bandori/hitting-opposite-field', '打击时容易过早打开肩膀。', 2, '反方向击球、延迟开肩和外角球路线训练。', 1, '邦多利教练', '适合一三垒强打者。', '打击组采用。', '2026-07-05T11:00:00Z', '2026-07-05T15:00:00Z'),
  (10, '伊沢なつめ', 'https://example.com/drills/bandori/hitting-two-strike', '长打好但两好球后三振多。', 2, '两好球后缩短挥棒和反方向攻击。', 1, '邦多利教练', '适合强打者共同练习。', '周末打击课采用。', '2026-07-06T10:00:00Z', '2026-07-06T09:00:00Z'),
  (11, '汐見蛍', 'https://example.com/drills/bandori/hitting-power-transfer', '选球耐心很好，长打发力还不充分。', 2, '髋部发力、下盘转移和强拉击球训练。', 0, NULL, NULL, NULL, NULL, '2026-07-06T15:00:00Z'),
  (12, '高松燈', 'https://example.com/drills/bandori/hitting-bunt-and-run', '一棒需要稳定短打和打带跑执行。', 2, '短打方向、推打和打带跑判断训练。', 0, '邦多利教练', '训练目标过多。', '拆成短打课后再提交。', '2026-07-07T10:00:00Z', '2026-07-07T09:00:00Z'),
  (13, '長崎そよ', 'https://example.com/drills/bandori/strength-lower-body', '连续守备轮转后下肢疲劳明显。', 3, '下肢爆发、单脚稳定和横移耐力训练。', 1, '邦多利教练', '适合内野组体能。', '体能课采用低负荷版本。', '2026-07-07T11:00:00Z', '2026-07-07T15:00:00Z'),
  (14, '仲町あられ', 'https://example.com/drills/bandori/strength-core-rotation', '急停转身时重心偏高。', 3, '核心抗旋转、急停转身和低重心保持训练。', 1, '邦多利教练', '动作质量可控。', '加入恢复日后半段。', '2026-07-08T10:00:00Z', '2026-07-08T09:00:00Z'),
  (15, '琴平凪', 'https://example.com/drills/bandori/strength-shoulder-care', '恢复期需要加强肩袖和肩胛稳定。', 3, '肩袖、肩胛稳定和投手恢复力量训练。', 0, NULL, NULL, NULL, NULL, '2026-07-08T15:00:00Z'),
  (16, '伊沢なつめ', 'https://example.com/drills/bandori/strength-bat-speed', '高强度挥棒后前臂容易紧。', 3, '握力耐力、前臂放松和挥棒速度维护训练。', 0, '邦多利教练', '恢复风险偏高。', '先减少总量再观察。', '2026-07-09T10:00:00Z', '2026-07-09T09:00:00Z'),
  (17, '千早愛音', 'https://example.com/drills/bandori/baserunning-steal-start', '起跑反应提升，仍要减少过早离垒。', 4, '盗垒起跑、投手动作读取和回垒训练。', 1, '邦多利教练', '跑垒课优先级高。', '与中外野组一起做。', '2026-07-09T11:00:00Z', '2026-07-09T15:00:00Z'),
  (18, '藤都子', 'https://example.com/drills/bandori/baserunning-first-to-third', '一棒上垒后需要提升一三垒推进判断。', 4, '一垒到三垒、二垒绕垒和外野臂力读取训练。', 1, '邦多利教练', '适合上位棒次。', '加入情境模拟赛。', '2026-07-10T10:00:00Z', '2026-07-10T09:00:00Z'),
  (19, '宮永ののか', 'https://example.com/drills/bandori/baserunning-sliding', '滑垒保护动作还不够稳定。', 4, '脚先进垒、回避触杀和滑垒后起身训练。', 0, NULL, NULL, NULL, NULL, '2026-07-10T15:00:00Z'),
  (20, '要楽奈', 'https://example.com/drills/bandori/baserunning-contact-read', '三垒跑者读打球启动偏慢。', 4, '内野滚地接触判断和三垒回本垒决策训练。', 0, '邦多利教练', '视频样本不足。', '需要补充三垒跑者视角。', '2026-07-11T10:00:00Z', '2026-07-11T09:00:00Z'),
  (21, '高松燈', 'https://example.com/drills/bandori/infield-shortstop-footwork', '肩膀疲劳时减少多余步伐。', 5, '游击接球到传一垒的脚步衔接训练。', 1, '邦多利教练', '适合内野基础脚步。', '下周团队守备段采用。', '2026-07-11T11:00:00Z', '2026-07-11T15:00:00Z'),
  (22, '峰月律', 'https://example.com/drills/bandori/infield-third-base-throw', '三垒传一垒偏高。', 5, '三垒强袭球处理和低轨迹传球。', 1, '邦多利教练', '风险点与比赛失误吻合。', '内野角落组采用。', '2026-07-12T10:00:00Z', '2026-07-12T09:00:00Z'),
  (23, '浜崎まほろ', 'https://example.com/drills/bandori/infield-double-play-pivot', '双杀转传时脚步偶尔抢拍。', 5, '二垒双杀转身、接球脚步和避让跑者训练。', 0, NULL, NULL, NULL, NULL, '2026-07-12T15:00:00Z'),
  (24, '要楽奈', 'https://example.com/drills/bandori/infield-backhand', '反手接球后传球线路偏高。', 5, '三垒反手接球、身体带向一垒和低轨迹传球训练。', 0, '邦多利教练', '强度暂时偏高。', '先做基础接传，暂不列入正式训练。', '2026-07-13T10:00:00Z', '2026-07-13T09:00:00Z'),
  (25, '三角初華', 'https://example.com/drills/bandori/outfield-corner-route', '深远飞球回追第一步偏保守。', 6, '角落外野回追路线、围墙判断和中继传球训练。', 1, '邦多利教练', '适合外野角落组。', '周三外野课采用。', '2026-07-13T11:00:00Z', '2026-07-13T15:00:00Z'),
  (26, '祐天寺にゃむ', 'https://example.com/drills/bandori/outfield-line-drive-read', '判断低平飞球时启动慢半拍。', 6, '低平飞球第一步、前冲接球和短弹处理训练。', 1, '邦多利教练', '比赛适用性强。', '外野组共同练习。', '2026-07-14T10:00:00Z', '2026-07-14T09:00:00Z'),
  (27, '宮永ののか', 'https://example.com/drills/bandori/outfield-throw-home', '回传球偶尔绕大弧线。', 6, '外野接球转移、长传本垒和中继选择训练。', 0, NULL, NULL, NULL, NULL, '2026-07-14T15:00:00Z'),
  (28, '千早愛音', 'https://example.com/drills/bandori/outfield-communication', '中外野与左右外野沟通需要更早。', 6, '外野呼喊优先级、交叉区域和队友避让训练。', 0, '邦多利教练', '训练安排重复。', '并入团队守备课，不单独批准。', '2026-07-15T10:00:00Z', '2026-07-15T09:00:00Z');

INSERT INTO lineups (id, game_id, schema_version, status, strategy, reasoning_json, warnings_json, created_at, accepted_at) VALUES
  (1, 4, '1.0', 1, '投手战优先守备稳定', '["藤都子打一棒制造上垒","八幡海鈴先发投手控制低比分"]', '[]', '2026-07-11T09:00:00Z', '2026-07-11T10:00:00Z'),
  (2, 3, '1.0', 2, '加强长打但守备风险偏高', '["伊沢なつめ前置提高长打机会","峰月律三垒需注意传球"]', '[]', '2026-07-07T09:00:00Z', NULL);

INSERT INTO lineup_entries (lineup_id, player, role, batting_order, position, suggested_role) VALUES
  (1, '藤都子', 0, 1, 6, NULL), (1, '千早愛音', 0, 2, 8, NULL),
  (1, '汐見蛍', 0, 3, 3, NULL), (1, '長崎そよ', 0, 4, 4, NULL),
  (1, '要楽奈', 0, 5, 5, NULL), (1, '和泉朋花', 0, 6, 2, NULL),
  (1, '宮永ののか', 0, 7, 7, NULL), (1, '伊沢なつめ', 0, 8, 9, NULL),
  (1, '八幡海鈴', 0, 9, 1, NULL), (1, '琴平凪', 1, NULL, NULL, '短局数中继'),
  (2, '高松燈', 0, 1, 6, NULL), (2, '伊沢なつめ', 0, 2, 8, NULL),
  (2, '若葉睦', 0, 3, 3, NULL), (2, '浜崎まほろ', 0, 4, 4, NULL),
  (2, '峰月律', 0, 5, 5, NULL), (2, '豊川祥子', 0, 6, 2, NULL),
  (2, '三角初華', 0, 7, 7, NULL), (2, '祐天寺にゃむ', 0, 8, 9, NULL),
  (2, '琴平凪', 0, 9, 1, NULL), (2, '椎名立希', 1, NULL, NULL, '长中继备选');

INSERT INTO lineup_pitching_plans (lineup_id, player, sequence, role, planned_innings) VALUES
  (1, '八幡海鈴', 1, 0, 5), (1, '琴平凪', 2, 1, 2),
  (2, '琴平凪', 1, 0, 2), (2, '椎名立希', 2, 1, 3);

COMMIT;
